userId,Tweet,Total
2570001,1,4
6430402,1,2
7950832,1,2
11078752,1,6
14111373,1,2
14731477,2,8
14837505,1,8
14955722,2,4
15171623,1,2
15257975,1,2
15337029,3,30
15914203,3,16
16020526,1,4
16083130,1,4
16144175,1,2
16144921,1,2
16272844,2,4
16808883,2,4
16992411,1,4
17291826,3,8
17791965,2,4
17902151,1,4
17902331,1,4
17936868,1,12
18877177,1,4
18955058,1,8
19557007,1,8
19617424,1,2
19688093,1,4
19747084,2,2
19880131,1,2
19899071,1,2
19968281,1,4
20021730,1,4
20343405,1,12
20440288,1,6
20507980,1,2
20832026,1,2
20939549,1,6
21108176,1,4
21366232,1,4
22924747,1,8
23879043,1,4
23916689,2,16
24081135,1,4
24471437,1,16
24533564,1,8
24638367,2,8
25066687,1,12
25312212,1,2
26477054,2,2
27072348,1,2
27442314,1,2
28366705,1,12
28450257,1,4
28536013,1,8
29837073,2,66
32850199,1,10
32992129,1,2
34428191,1,2
34627945,2,80
34651230,1,2
34774366,1,2
34878201,2,14
35697294,1,6
35778825,1,16
37648057,1,8
39127694,6,360
39614241,1,4
40444642,1,8
42741033,1,4
42760278,1,4
42924745,1,4
43351709,1,6
44568712,2,16
44791735,1,4
45047640,2,4
45079860,1,6
45580956,1,28
46520272,1,4
46789367,1,4
47546320,1,4
49092671,1,2
50444781,1,4
52833129,1,12
54490566,1,2
56576255,1,4
56873912,1,2
58131066,1,4
62540886,2,32
62812851,1,2
65268100,1,8
69999740,1,2
71526695,4,72
71721644,1,2
71966839,2,4
73300838,1,4
74466356,1,2
74559989,1,4
75581387,1,4
75664768,1,8
76489268,1,4
78136933,1,4
80584626,1,2
81369385,1,2
83943430,1,2
84415067,1,6
88055027,1,2
88301622,1,4
89532873,1,2
89661657,1,4
90698674,1,2
92210420,1,2
95076538,4,32
95577307,1,2
97144277,1,4
97357611,1,2
97901184,1,4
98973778,1,14
99714311,1,2
99798805,1,2
99927571,3,70
100756891,2,32
102719961,1,2
102898925,1,2
103515743,1,4
103915548,2,12
104218041,1,4
105288255,1,8
105310173,1,2
110076065,3,66
110805966,1,2
113223716,1,16
113782431,1,2
114770420,1,6
114845234,2,48
116430292,1,18
117858975,1,2
118610408,1,2
119079159,1,16
123618703,1,8
125671989,1,6
126918974,1,4
127661401,1,4
127870924,1,6
127957967,1,4
129949447,1,20
131340045,1,8
131917468,1,4
134318109,1,4
138912787,1,4
140199460,2,4
140365561,1,24
141398631,1,2
144257011,2,112
147035941,1,4
149290267,1,2
150041565,2,8
153441246,1,12
155368552,1,4
156271499,1,8
156772034,1,4
159275841,1,8
161831794,4,64
165020784,1,6
165953892,1,4
169083083,1,2
172957079,1,30
173593549,1,12
175871881,2,4
177584657,3,8
179952711,1,2
180020861,1,2
181475960,1,2
182946698,1,2
185868270,1,4
186403547,1,12
188062786,1,8
188489370,1,2
188662291,2,8
190649207,1,2
194405596,1,8
196548802,1,6
197041678,1,2
197337976,2,6
197810015,1,4
197810410,1,4
197936773,2,16
200726093,2,20
205700041,1,4
209165031,1,4
209290889,1,4
212735385,2,40
216852804,1,2
219114054,1,6
226862813,1,2
226929204,1,8
229902699,1,2
230451063,1,6
230832125,1,2
235101889,1,4
236516672,1,12
237042055,2,12
237602811,1,4
239868536,2,8
240432377,1,8
244900398,1,2
248235208,1,2
249852671,1,4
249958112,1,2
252124919,1,2
253355892,1,4
253971435,1,2
255252221,1,12
255436979,1,2
257123996,1,8
258389458,1,4
258620175,1,12
258989988,1,20
259918393,1,2
260075662,1,4
261043767,1,8
263164345,1,2
263265713,2,28
264565063,1,2
264861120,1,4
264934281,1,2
265136425,1,2
265751498,1,6
266349773,1,2
266415826,1,16
274028528,1,2
274157042,1,16
274181531,2,8
274347391,1,8
274549881,1,6
274734608,1,2
275273367,1,2
278419563,1,24
279900769,1,24
281693070,1,2
281983786,1,28
282807819,1,2
283249629,1,12
284457576,1,2
293580185,2,4
293608450,1,4
295421689,1,12
299148768,2,48
299625678,1,12
300368815,1,4
300401915,2,12
301540810,1,4
301607275,1,2
302177019,1,6
305025304,1,4
306343806,1,8
308674565,1,8
309148309,1,4
310564947,1,2
314173491,1,2
314547020,1,24
314859003,4,56
316578266,2,4
316740460,2,140
327350877,1,8
328255481,2,12
332266896,1,2
332774749,1,2
332927893,1,2
333024802,1,12
333048770,1,2
333749370,1,2
334455708,1,4
336855470,5,100
337799842,1,2
338299835,1,10
338571749,2,14
341405654,1,2
341708717,1,4
343560360,1,6
346811716,1,4
347256858,1,6
350807518,1,8
351289766,1,4
356219203,1,2
356384080,1,4
360598261,1,6
360757205,1,20
361217818,1,2
361488747,1,8
361824146,1,2
363713851,1,2
363808953,1,2
368048293,2,6
369051113,1,4
370002248,1,2
375434404,1,6
377884533,1,2
381615858,2,36
382901521,1,6
387302514,1,2
389880390,4,42
390876355,1,10
394398948,1,2
400718367,1,12
401409879,3,24
402812285,1,4
403425235,1,2
405272234,1,2
407230785,1,24
408072125,1,4
408935869,1,2
410922940,1,2
419887587,1,4
422082976,1,2
422561639,1,4
425339936,1,2
427310702,1,2
428569478,1,4
428806730,2,28
429560058,1,2
430102950,1,2
432398844,1,2
436989977,1,4
437061546,1,2
437472337,1,14
438874843,1,12
442644016,1,2
444372068,1,2
450743408,1,2
451661658,1,4
453092010,1,6
453178329,1,4
453851050,1,2
455076886,1,12
459889874,1,36
469394208,2,2
473129101,1,12
479942012,1,44
481308204,1,8
486556172,1,2
487337102,1,6
487505942,5,50
488506429,1,2
489736849,1,6
493589684,1,2
504136454,1,4
507877806,1,2
508170925,1,8
513913164,1,2
515898783,1,16
517201435,1,2
525365995,1,2
525470625,1,2
525844421,1,2
528887098,1,4
529597351,1,4
538298896,2,16
538400669,1,14
539626516,2,12
541655148,7,132
543179446,1,2
546926047,1,4
548133801,1,2
548662286,2,12
551948855,1,4
560697043,2,8
561094667,1,2
564111558,1,2
564957285,1,4
565801328,1,4
568194992,1,12
571080227,1,30
571821457,2,24
572691692,1,4
573598168,2,8
574405350,1,12
579121150,1,4
580773322,1,6
586580706,2,8
586853690,1,4
588738288,1,16
590387760,1,4
598979212,1,4
604883440,2,16
605156193,1,2
606765468,1,12
609401800,2,36
610719802,1,4
610763051,1,4
611817117,1,6
620350600,1,12
620978590,1,2
621455871,1,4
626533797,1,24
626670870,1,2
626730984,1,10
633706518,1,2
636380807,1,4
705212660,1,6
706921525,1,2
723034524,1,4
738322298,1,8
738603781,2,48
748576578,1,12
753358988,1,4
753661242,1,4
759622668,1,12
764556974,1,4
770133078,1,24
771008910,1,4
779095430,1,2
794870328,1,2
805230566,1,8
812697114,1,2
816695316,1,2
820569432,2,4
822522438,1,4
823020558,1,16
826631318,1,8
844357513,7,66
844541102,2,6
846416426,1,12
852163105,1,8
854606864,1,2
864377233,1,4
879060476,1,2
889978200,2,8
894255164,1,2
895929354,1,4
896321540,1,6
908656206,1,2
910968402,1,4
914427942,1,4
921463903,1,4
927713918,2,12
933631656,1,12
945560804,1,4
946948236,1,12
948762752,1,8
955433029,1,16
972634513,1,4
975046748,1,2
985030231,1,2
995882911,1,4
1015908282,1,2
1023035785,1,8
1028302788,7,70
1037951744,1,2
1039375705,1,4
1047964470,1,6
1049041352,1,6
1052804634,1,8
1054939406,1,2
1066435777,1,2
1069771278,1,2
1080726043,1,6
1107546272,1,8
1162324724,1,4
1166956926,1,4
1196479998,1,2
1198183068,1,2
1203629832,1,24
1258146854,1,14
1270071012,1,2
1276496148,1,2
1281369054,1,4
1283101332,1,2
1284357355,1,12
1289880048,1,2
1306892227,1,2
1324432464,3,6
1324885873,1,24
1336746498,1,2
1341479558,1,2
1353250562,1,2
1353259867,1,20
1356571315,1,8
1370586661,1,6
1377623976,1,12
1389446737,1,4
1419367248,2,32
1426448479,1,2
1427711858,1,4
1439415763,1,4
1442376572,1,2
1443662814,1,16
1446885762,1,2
1460107844,1,4
1470266532,1,4
1475707616,1,2
1480464258,2,16
1489875685,1,2
1491203611,1,6
1497904753,1,24
1498150412,1,4
1498344290,1,4
1509198289,1,12
1522536517,1,2
1537519988,1,8
1538501102,1,2
1546521408,1,24
1561783614,1,2
1578908437,1,12
1582448054,1,2
1590815395,1,4
1601361061,1,2
1605223597,1,4
1618432957,3,24
1637038724,1,4
1642499479,1,4
1650191726,1,8
1652790840,1,2
1657936058,1,12
1658458152,1,14
1668002700,1,4
1668150649,2,4
1675141321,2,46
1676600522,1,2
1679637013,2,6
1683604100,1,6
1687712030,1,8
1691017027,1,6
1880070937,1,4
1884480859,1,2
1888104715,1,2
1897841677,1,2
1925990479,2,48
1952510090,1,2
1957120296,1,4
1968527882,1,8
1978925622,1,16
2147483647,1,4
2147483647,1,2
2147483647,1,8
2147483647,1,6
2147483647,1,28
2147483647,1,12
2147483647,1,16
2147483647,1,20
2147483647,1,60
2147483647,1,32
2147483647,1,24
2147483647,1,42
2147483647,1,30
2147483647,1,14
2147483647,1,10
2147483647,1,126
2147483647,1,36
2147483647,1,72
2147483647,1,18
2147483647,1,78
2147483647,1,232
2147483647,1,204
2147483647,1,40
2147483647,1,48
2147483647,1,58
2147483647,1,112
2147483647,1,264
2147483647,1,160
2147483647,1,200
2147483647,1,288
2147483647,1,176
2147483647,1,80
2147483647,1,7176
2147483647,1,26
2147483647,1,56
2147483647,1,44
2147483647,1,96
2147483647,1,88
2147483647,1,156
2147483647,2,4
2147483647,2,2
2147483647,2,8
2147483647,2,6
2147483647,2,28
2147483647,2,12
2147483647,2,16
2147483647,2,20
2147483647,2,60
2147483647,2,32
2147483647,2,24
2147483647,2,42
2147483647,2,30
2147483647,2,14
2147483647,2,10
2147483647,2,126
2147483647,2,36
2147483647,2,72
2147483647,2,18
2147483647,2,78
2147483647,2,232
2147483647,2,204
2147483647,2,40
2147483647,2,48
2147483647,2,58
2147483647,2,112
2147483647,2,264
2147483647,2,160
2147483647,2,200
2147483647,2,288
2147483647,2,176
2147483647,2,80
2147483647,2,7176
2147483647,2,26
2147483647,2,56
2147483647,2,44
2147483647,2,96
2147483647,2,88
2147483647,2,156
2147483647,3,4
2147483647,3,2
2147483647,3,8
2147483647,3,6
2147483647,3,28
2147483647,3,12
2147483647,3,16
2147483647,3,20
2147483647,3,60
2147483647,3,32
2147483647,3,24
2147483647,3,42
2147483647,3,30
2147483647,3,14
2147483647,3,10
2147483647,3,126
2147483647,3,36
2147483647,3,72
2147483647,3,18
2147483647,3,78
2147483647,3,232
2147483647,3,204
2147483647,3,40
2147483647,3,48
2147483647,3,58
2147483647,3,112
2147483647,3,264
2147483647,3,160
2147483647,3,200
2147483647,3,288
2147483647,3,176
2147483647,3,80
2147483647,3,7176
2147483647,3,26
2147483647,3,56
2147483647,3,44
2147483647,3,96
2147483647,3,88
2147483647,3,156
2147483647,6,4
2147483647,6,2
2147483647,6,8
2147483647,6,6
2147483647,6,28
2147483647,6,12
2147483647,6,16
2147483647,6,20
2147483647,6,60
2147483647,6,32
2147483647,6,24
2147483647,6,42
2147483647,6,30
2147483647,6,14
2147483647,6,10
2147483647,6,126
2147483647,6,36
2147483647,6,72
2147483647,6,18
2147483647,6,78
2147483647,6,232
2147483647,6,204
2147483647,6,40
2147483647,6,48
2147483647,6,58
2147483647,6,112
2147483647,6,264
2147483647,6,160
2147483647,6,200
2147483647,6,288
2147483647,6,176
2147483647,6,80
2147483647,6,7176
2147483647,6,26
2147483647,6,56
2147483647,6,44
2147483647,6,96
2147483647,6,88
2147483647,6,156
2147483647,5,4
2147483647,5,2
2147483647,5,8
2147483647,5,6
2147483647,5,28
2147483647,5,12
2147483647,5,16
2147483647,5,20
2147483647,5,60
2147483647,5,32
2147483647,5,24
2147483647,5,42
2147483647,5,30
2147483647,5,14
2147483647,5,10
2147483647,5,126
2147483647,5,36
2147483647,5,72
2147483647,5,18
2147483647,5,78
2147483647,5,232
2147483647,5,204
2147483647,5,40
2147483647,5,48
2147483647,5,58
2147483647,5,112
2147483647,5,264
2147483647,5,160
2147483647,5,200
2147483647,5,288
2147483647,5,176
2147483647,5,80
2147483647,5,7176
2147483647,5,26
2147483647,5,56
2147483647,5,44
2147483647,5,96
2147483647,5,88
2147483647,5,156
2147483647,4,4
2147483647,4,2
2147483647,4,8
2147483647,4,6
2147483647,4,28
2147483647,4,12
2147483647,4,16
2147483647,4,20
2147483647,4,60
2147483647,4,32
2147483647,4,24
2147483647,4,42
2147483647,4,30
2147483647,4,14
2147483647,4,10
2147483647,4,126
2147483647,4,36
2147483647,4,72
2147483647,4,18
2147483647,4,78
2147483647,4,232
2147483647,4,204
2147483647,4,40
2147483647,4,48
2147483647,4,58
2147483647,4,112
2147483647,4,264
2147483647,4,160
2147483647,4,200
2147483647,4,288
2147483647,4,176
2147483647,4,80
2147483647,4,7176
2147483647,4,26
2147483647,4,56
2147483647,4,44
2147483647,4,96
2147483647,4,88
2147483647,4,156
2147483647,8,4
2147483647,8,2
2147483647,8,8
2147483647,8,6
2147483647,8,28
2147483647,8,12
2147483647,8,16
2147483647,8,20
2147483647,8,60
2147483647,8,32
2147483647,8,24
2147483647,8,42
2147483647,8,30
2147483647,8,14
2147483647,8,10
2147483647,8,126
2147483647,8,36
2147483647,8,72
2147483647,8,18
2147483647,8,78
2147483647,8,232
2147483647,8,204
2147483647,8,40
2147483647,8,48
2147483647,8,58
2147483647,8,112
2147483647,8,264
2147483647,8,160
2147483647,8,200
2147483647,8,288
2147483647,8,176
2147483647,8,80
2147483647,8,7176
2147483647,8,26
2147483647,8,56
2147483647,8,44
2147483647,8,96
2147483647,8,88
2147483647,8,156
2147483647,7,4
2147483647,7,2
2147483647,7,8
2147483647,7,6
2147483647,7,28
2147483647,7,12
2147483647,7,16
2147483647,7,20
2147483647,7,60
2147483647,7,32
2147483647,7,24
2147483647,7,42
2147483647,7,30
2147483647,7,14
2147483647,7,10
2147483647,7,126
2147483647,7,36
2147483647,7,72
2147483647,7,18
2147483647,7,78
2147483647,7,232
2147483647,7,204
2147483647,7,40
2147483647,7,48
2147483647,7,58
2147483647,7,112
2147483647,7,264
2147483647,7,160
2147483647,7,200
2147483647,7,288
2147483647,7,176
2147483647,7,80
2147483647,7,7176
2147483647,7,26
2147483647,7,56
2147483647,7,44
2147483647,7,96
2147483647,7,88
2147483647,7,156
2147483647,23,4
2147483647,23,2
2147483647,23,8
2147483647,23,6
2147483647,23,28
2147483647,23,12
2147483647,23,16
2147483647,23,20
2147483647,23,60
2147483647,23,32
2147483647,23,24
2147483647,23,42
2147483647,23,30
2147483647,23,14
2147483647,23,10
2147483647,23,126
2147483647,23,36
2147483647,23,72
2147483647,23,18
2147483647,23,78
2147483647,23,232
2147483647,23,204
2147483647,23,40
2147483647,23,48
2147483647,23,58
2147483647,23,112
2147483647,23,264
2147483647,23,160
2147483647,23,200
2147483647,23,288
2147483647,23,176
2147483647,23,80
2147483647,23,7176
2147483647,23,26
2147483647,23,56
2147483647,23,44
2147483647,23,96
2147483647,23,88
2147483647,23,156
2147483647,9,4
2147483647,9,2
2147483647,9,8
2147483647,9,6
2147483647,9,28
2147483647,9,12
2147483647,9,16
2147483647,9,20
2147483647,9,60
2147483647,9,32
2147483647,9,24
2147483647,9,42
2147483647,9,30
2147483647,9,14
2147483647,9,10
2147483647,9,126
2147483647,9,36
2147483647,9,72
2147483647,9,18
2147483647,9,78
2147483647,9,232
2147483647,9,204
2147483647,9,40
2147483647,9,48
2147483647,9,58
2147483647,9,112
2147483647,9,264
2147483647,9,160
2147483647,9,200
2147483647,9,288
2147483647,9,176
2147483647,9,80
2147483647,9,7176
2147483647,9,26
2147483647,9,56
2147483647,9,44
2147483647,9,96
2147483647,9,88
2147483647,9,156
4801,1,0
71903,1,0
1192641,1,0
1917731,1,0
2069071,1,0
4464491,1,0
5379272,1,0
5695632,1,0
5804172,1,0
5845492,1,0
6044332,1,0
6144142,1,0
6529442,1,0
7014782,1,0
7078452,1,0
7110832,1,0
7193962,1,0
7214092,1,0
7276862,1,0
7971352,1,0
8372882,1,0
8526602,1,0
8725112,1,0
9108952,1,0
9216842,1,0
10025472,1,0
10403842,1,0
11447982,1,0
12004852,1,0
12378552,1,0
13113382,1,0
13453872,1,0
13850422,1,0
13910222,1,0
13941892,1,0
14056141,1,0
14069533,1,0
14089195,1,0
14156219,1,0
14174957,1,0
14196618,1,0
14200178,1,0
14228668,1,0
14276218,1,0
14364337,1,0
14391953,1,0
14434613,1,0
14437569,1,0
14498878,1,0
14579795,1,0
14642026,1,0
14643813,1,0
14675716,1,0
14758529,1,0
14769495,1,0
14785452,1,0
14806808,1,0
14827622,1,0
14889358,1,0
14939259,1,0
14948095,1,0
14973967,1,0
15001869,1,0
15038159,1,0
15142454,1,0
15158448,1,0
15159429,1,0
15159600,1,0
15185960,1,0
15209585,1,0
15216958,1,0
15222499,1,0
15224977,1,0
15254607,1,0
15267777,1,0
15269108,1,0
15273924,1,0
15329507,1,0
15369314,1,0
15418054,1,0
15430313,1,0
15501305,2,0
15514798,1,0
15558882,2,0
15601800,1,0
15613458,1,0
15616689,1,0
15626218,1,0
15631338,1,0
15704449,1,0
15765683,1,0
15774048,2,0
15808208,1,0
15878631,1,0
15885099,1,0
15919316,1,0
15930498,1,0
15947342,1,0
15969142,2,0
15999667,1,0
16025602,1,0
16082911,1,0
16098365,1,0
16113629,1,0
16131215,1,0
16150759,1,0
16177626,1,0
16190532,1,0
16240608,1,0
16251355,1,0
16288901,1,0
16294626,1,0
16296081,1,0
16314587,1,0
16349648,1,0
16408881,1,0
16426922,1,0
16494635,1,0
16558638,1,0
16598483,1,0
16642762,1,0
16661097,1,0
16671012,1,0
16682114,1,0
16688389,1,0
16694382,1,0
16790082,1,0
16796836,1,0
16963091,1,0
17103910,1,0
17124099,1,0
17164500,1,0
17178655,1,0
17202747,1,0
17262898,1,0
17276583,1,0
17446621,1,0
17456691,1,0
17491072,1,0
17509141,1,0
17556536,1,0
17609855,1,0
17612385,1,0
17643749,2,0
17678647,1,0
17741640,1,0
17747159,1,0
17760122,1,0
17760630,1,0
17818842,1,0
17821005,1,0
17837048,1,0
17888709,1,0
17946449,1,0
17959077,1,0
17997831,1,0
18027044,1,0
18046469,1,0
18065007,1,0
18083420,1,0
18092350,1,0
18107739,1,0
18172853,1,0
18182938,1,0
18185339,1,0
18192047,1,0
18194928,1,0
18198208,1,0
18227879,1,0
18261382,1,0
18291619,1,0
18315919,1,0
18334459,1,0
18337332,1,0
18439432,1,0
18468007,1,0
18546349,1,0
18574199,1,0
18595568,1,0
18607707,1,0
18621090,1,0
18637081,1,0
18684731,1,0
18757804,1,0
18774149,1,0
18813840,1,0
18825344,1,0
18884545,1,0
18914960,1,0
18959644,1,0
19073217,1,0
19074764,1,0
19166087,1,0
19198493,1,0
19199743,3,0
19204069,1,0
19346837,1,0
19477874,1,0
19494356,1,0
19542578,1,0
19543597,1,0
19601483,1,0
19615058,1,0
19639226,1,0
19666503,2,0
19727603,1,0
19731260,1,0
19773060,1,0
19826171,1,0
19826974,1,0
20067457,1,0
20077484,1,0
20162512,1,0
20172982,1,0
20182317,1,0
20189222,1,0
20253684,1,0
20281730,1,0
20359720,1,0
20438100,1,0
20571051,1,0
20597102,1,0
20608501,1,0
20661558,1,0
20691338,1,0
20691578,1,0
20718655,1,0
20729667,1,0
20731540,1,0
20758559,1,0
20762848,1,0
20818801,1,0
20856859,1,0
20862590,2,0
21017351,2,0
21049677,1,0
21051388,1,0
21062734,1,0
21120694,1,0
21122923,1,0
21201983,1,0
21408731,1,0
21419142,1,0
21438041,1,0
21441278,1,0
21464443,1,0
21495530,1,0
21498971,1,0
21507000,7,0
21509421,1,0
21520209,1,0
21524871,1,0
21545575,1,0
21548838,1,0
21562957,1,0
21563704,1,0
21616423,1,0
21633042,1,0
21651444,1,0
21663432,1,0
21771686,1,0
21910354,1,0
21972408,1,0
22048925,1,0
22132565,1,0
22149904,1,0
22166017,1,0
22176617,1,0
22184381,1,0
22201789,1,0
22203739,1,0
22219572,1,0
22317189,1,0
22345804,1,0
22435402,1,0
22437649,1,0
22543344,1,0
22571886,1,0
22587854,1,0
22614415,1,0
22635994,1,0
22675443,1,0
22676335,1,0
22718873,1,0
22735454,1,0
22767181,1,0
22837895,1,0
22852908,1,0
22866418,1,0
22868486,1,0
22873033,1,0
22875016,1,0
22929686,1,0
22954354,1,0
23041162,1,0
23061534,1,0
23082396,1,0
23114490,1,0
23124453,1,0
23149578,2,0
23170897,1,0
23237571,1,0
23318600,1,0
23327570,1,0
23330669,1,0
23345913,1,0
23373933,1,0
23401258,1,0
23451905,1,0
23456725,1,0
23531311,1,0
23594746,1,0
23662741,1,0
23720794,1,0
23802657,1,0
23806068,1,0
23836963,1,0
23879449,1,0
23920722,1,0
23968266,1,0
23983824,1,0
23993915,2,0
24085456,1,0
24096301,1,0
24115705,1,0
24165998,1,0
24179560,1,0
24294403,1,0
24310450,1,0
24311097,1,0
24312027,1,0
24321638,1,0
24356581,1,0
24383563,1,0
24529486,2,0
24594927,1,0
24621113,1,0
24673694,1,0
24687735,1,0
24702792,1,0
24776950,1,0
24824145,1,0
24869853,1,0
24882986,1,0
24980737,1,0
25016184,1,0
25025758,1,0
25045555,1,0
25067168,1,0
25077489,1,0
25080413,1,0
25133019,1,0
25135325,1,0
25142765,1,0
25149959,1,0
25456605,1,0
25478379,1,0
25482755,1,0
25538288,1,0
25542886,1,0
25564023,1,0
25605222,1,0
25693169,1,0
25717423,1,0
25815224,1,0
25817610,1,0
25846939,1,0
25877017,1,0
25914630,1,0
25945502,1,0
25991280,1,0
26032644,1,0
26043268,1,0
26068460,1,0
26071765,1,0
26074709,1,0
26160600,1,0
26179741,1,0
26218224,1,0
26222680,1,0
26340080,1,0
26422223,1,0
26517106,1,0
26575267,1,0
26585459,1,0
26630625,1,0
26694091,1,0
27004124,1,0
27025395,1,0
27059773,1,0
27102522,1,0
27109121,1,0
27131388,1,0
27226256,1,0
27268753,1,0
27302480,1,0
27323843,1,0
27463702,3,0
27464152,1,0
27550771,1,0
27601528,1,0
27637509,1,0
27825136,1,0
27845301,1,0
27847155,1,0
27850538,1,0
27908324,1,0
27993299,1,0
28038707,1,0
28061530,1,0
28071548,1,0
28099028,1,0
28104354,2,0
28450531,1,0
28453259,1,0
28523005,1,0
28652111,1,0
28652349,1,0
28670729,1,0
28691659,1,0
28695097,1,0
28721060,1,0
28754386,1,0
28767792,1,0
28775927,1,0
29017307,1,0
29142221,1,0
29144658,1,0
29190054,1,0
29242607,1,0
29386588,1,0
29400172,1,0
29405073,1,0
29482344,1,0
29682396,1,0
29727632,1,0
29793388,1,0
29805346,1,0
29907003,2,0
30102809,1,0
30109799,1,0
30171714,1,0
30265665,1,0
30317139,1,0
30349866,1,0
30433454,1,0
30565755,1,0
30672312,1,0
30783759,1,0
30788083,1,0
30865805,1,0
30893656,1,0
30911956,2,0
31202832,1,0
31269363,2,0
31344369,1,0
31480713,1,0
31614824,1,0
31637700,1,0
31770138,1,0
31776520,1,0
32308441,2,0
32493118,1,0
32535236,1,0
32545260,1,0
32559786,1,0
32608996,1,0
32658864,1,0
32686575,1,0
32748287,1,0
32777872,1,0
32950305,1,0
32985028,1,0
33018977,1,0
33130137,1,0
33224637,1,0
33227673,1,0
33394087,1,0
33410754,1,0
33519886,1,0
33528800,1,0
33533566,1,0
33653000,1,0
33737369,1,0
33787443,1,0
33879045,1,0
33890676,1,0
34072187,1,0
34345242,1,0
34353217,1,0
34383891,2,0
34403864,1,0
34423919,1,0
34462355,1,0
34714664,1,0
34828416,1,0
34831910,1,0
34888255,2,0
34920533,1,0
35024793,2,0
35235308,1,0
35332273,1,0
35337061,1,0
35338943,1,0
35395312,1,0
35586208,1,0
35598437,1,0
35599355,1,0
35793745,1,0
35878416,1,0
36076580,1,0
36118898,1,0
36145914,1,0
36147675,1,0
36157583,1,0
36178012,1,0
36332025,1,0
36346876,1,0
36378701,1,0
36477456,1,0
36513321,4,0
36531856,1,0
36633057,1,0
36644733,1,0
36685290,1,0
36715813,1,0
36760872,1,0
36761458,2,0
36827249,1,0
36884250,1,0
37063771,1,0
37094406,1,0
37110967,1,0
37178602,1,0
37194117,1,0
37263055,1,0
37312139,1,0
37325301,1,0
37373988,1,0
37390741,1,0
37397645,1,0
37487621,1,0
37636667,1,0
37988203,1,0
38009365,1,0
38093385,1,0
38115722,1,0
38164910,1,0
38196372,1,0
38481690,1,0
38561218,1,0
38603749,1,0
38652981,1,0
38693878,1,0
39001347,2,0
39111569,1,0
39160660,1,0
39240180,1,0
39319378,1,0
39403619,1,0
39421414,1,0
39469211,1,0
39526741,1,0
39584114,1,0
39671176,1,0
39779350,1,0
39810732,1,0
39850467,1,0
39903725,1,0
39939184,1,0
39943756,1,0
39973965,1,0
40056818,1,0
40127487,2,0
40332475,1,0
40383254,1,0
40389270,1,0
40419929,2,0
40602923,1,0
40625332,1,0
40762765,1,0
40892836,1,0
40921511,1,0
40951873,1,0
40961343,1,0
41141617,1,0
41449369,1,0
41464752,1,0
41518389,1,0
41620270,1,0
41627885,1,0
41726869,1,0
41736161,1,0
41797272,1,0
42055453,1,0
42251939,1,0
42282305,1,0
42416750,1,0
42456768,1,0
42531784,1,0
42543528,1,0
42699936,1,0
42790254,1,0
42844807,2,0
42931112,1,0
43027334,1,0
43590098,1,0
43753971,1,0
43885961,1,0
43895631,1,0
43898820,1,0
43970921,1,0
43987148,1,0
44036930,1,0
44061769,1,0
44205647,1,0
44229815,1,0
44257165,1,0
44393435,1,0
44518011,1,0
44830932,1,0
44841328,1,0
44853940,1,0
45052430,1,0
45233046,1,0
45243288,1,0
45388771,1,0
45499042,1,0
45673545,1,0
45733309,1,0
45750563,1,0
45763040,1,0
45811682,1,0
45834623,1,0
45926805,1,0
46165775,1,0
46274679,1,0
46360700,1,0
46361012,1,0
46480466,1,0
46531841,1,0
46625077,1,0
46648534,1,0
46667252,1,0
46718111,1,0
46737396,1,0
46883538,1,0
46933704,1,0
47080783,1,0
47092060,1,0
47133990,1,0
47213911,1,0
47280650,1,0
47304806,1,0
47404357,1,0
47530655,1,0
47577073,1,0
47879896,1,0
48011832,1,0
48153060,1,0
48166504,1,0
48290824,1,0
48329173,1,0
48357731,1,0
48493229,1,0
48737488,1,0
48754929,2,0
48790088,2,0
48792578,1,0
49003168,1,0
49019906,1,0
49023843,1,0
49190798,1,0
49262026,1,0
49321702,2,0
49340867,1,0
49365169,1,0
49411533,1,0
49432070,1,0
49507603,1,0
49627141,1,0
49676516,1,0
49699229,1,0
49724677,1,0
49933695,1,0
50047060,1,0
50086045,1,0
50199850,1,0
50227709,1,0
50252519,2,0
50446226,1,0
50587300,1,0
50881656,1,0
51392862,1,0
51414678,1,0
51788866,1,0
51864727,1,0
52046171,1,0
52157425,1,0
52197012,1,0
52244066,1,0
52273998,1,0
52347659,2,0
52405350,1,0
52418728,1,0
52459831,1,0
52558356,1,0
52605101,1,0
52881157,1,0
52884123,1,0
52885453,1,0
52889899,1,0
52973203,1,0
53015663,1,0
53407468,1,0
53597356,1,0
53620593,1,0
53778774,1,0
53787946,1,0
53995533,1,0
54034749,1,0
54087865,1,0
54172831,1,0
54197271,2,0
54228368,1,0
54236772,1,0
54316010,1,0
54529748,1,0
54630819,1,0
54731329,1,0
55039945,1,0
55123706,2,0
55126077,1,0
55476641,1,0
55673908,1,0
55919704,1,0
56076496,1,0
56110264,1,0
56177108,1,0
56729486,1,0
56835725,1,0
56857442,1,0
56903680,1,0
57072321,1,0
57249632,1,0
57322855,1,0
57332764,1,0
57336315,1,0
57801091,1,0
57854434,1,0
58017407,1,0
58052610,1,0
58151173,1,0
58489299,1,0
58554951,1,0
58581939,1,0
58796915,1,0
58825389,1,0
59628825,1,0
59696960,1,0
59888559,1,0
59921420,1,0
60196150,1,0
60308640,1,0
60394265,1,0
60429759,1,0
60572033,1,0
60592747,1,0
60687019,1,0
60857704,1,0
60949112,1,0
61026509,1,0
61325310,1,0
61327216,1,0
61342999,1,0
61356500,1,0
61539521,1,0
61577939,1,0
61620531,1,0
61690488,1,0
61781890,1,0
62354429,1,0
62365000,1,0
62556442,1,0
62912250,1,0
63017531,1,0
63362801,1,0
63747308,1,0
63767559,1,0
64189266,1,0
64378349,1,0
64471796,1,0
64561704,1,0
64566039,1,0
64566523,1,0
64806914,1,0
64854647,1,0
65198567,1,0
65596237,1,0
65803092,1,0
65951307,1,0
65967525,1,0
66068978,1,0
66126431,1,0
66250261,1,0
66284654,1,0
66290642,1,0
66331922,1,0
66468730,1,0
66873495,1,0
66923046,1,0
67090667,1,0
67413530,1,0
67458530,1,0
67727088,1,0
67778641,1,0
67813862,1,0
67951225,1,0
68569604,1,0
68659417,1,0
68694561,1,0
68775882,1,0
68962073,1,0
69071723,1,0
69171795,1,0
69189463,1,0
69196651,1,0
69370767,1,0
69518772,1,0
70282741,1,0
70499835,2,0
70806276,1,0
70824006,1,0
71091749,1,0
71211274,1,0
71361287,1,0
71583789,1,0
71765668,1,0
72289373,1,0
72293028,1,0
72529640,1,0
72677520,2,0
72862994,1,0
72988808,1,0
73066710,1,0
73137009,1,0
73316021,1,0
73324213,1,0
73388288,1,0
73621473,1,0
73694027,1,0
73813227,2,0
74149816,1,0
74181810,1,0
74188106,1,0
74567735,1,0
74870032,1,0
75190347,2,0
75323342,1,0
75861491,1,0
76185290,1,0
76329181,1,0
76491752,1,0
76700189,1,0
76757587,1,0
76889477,2,0
76924885,1,0
76976432,1,0
77089146,1,0
77299899,1,0
77310373,1,0
77602579,1,0
77902948,1,0
78088005,1,0
78116406,1,0
78409887,1,0
78534414,1,0
78651500,1,0
78729863,1,0
78889059,1,0
78978230,1,0
78980641,1,0
79045700,1,0
79056314,1,0
79706752,1,0
79746313,1,0
79835407,1,0
80125289,1,0
80193351,1,0
80434675,1,0
80656118,1,0
80850767,1,0
81080854,1,0
81120503,1,0
81525149,1,0
81577247,1,0
81724227,2,0
81961699,1,0
81985447,1,0
82097571,1,0
82129684,1,0
82194382,1,0
82318086,1,0
82748600,1,0
82769612,1,0
83007352,1,0
83104232,1,0
83176471,1,0
83205874,1,0
83260349,1,0
83270385,1,0
83498576,1,0
83558666,1,0
83645988,1,0
83659623,1,0
83849235,1,0
83927992,1,0
84446856,1,0
84646468,1,0
85118568,1,0
85342372,1,0
85361683,1,0
85429734,1,0
85700767,1,0
85708023,1,0
85898638,1,0
85939674,1,0
86104510,1,0
86236295,1,0
86390172,1,0
86548776,1,0
86609601,1,0
86711159,1,0
86917109,1,0
87015477,1,0
87024259,1,0
87025959,1,0
87369828,1,0
87589267,1,0
87794412,1,0
87802759,1,0
87849193,1,0
87853240,1,0
88235681,1,0
88317612,1,0
88996705,1,0
89110203,1,0
89123330,1,0
89262754,1,0
89583291,1,0
89971197,2,0
90379747,1,0
90408018,1,0
90945305,1,0
91382393,1,0
91417603,1,0
91818904,1,0
91872743,1,0
91925961,1,0
92168059,1,0
92657776,1,0
92790349,1,0
92811055,1,0
92842049,1,0
93111391,1,0
93457352,1,0
93670773,1,0
93808689,1,0
94020292,1,0
94079041,1,0
94392825,1,0
94844905,1,0
94851395,1,0
94854268,1,0
94871939,1,0
95103369,1,0
95287028,1,0
95289641,1,0
95597542,1,0
95612631,1,0
95685124,1,0
95847754,1,0
96313033,1,0
96459297,1,0
96605595,1,0
96701920,1,0
97050902,1,0
97213130,1,0
97302389,1,0
97326399,1,0
97570862,1,0
97683788,1,0
97877674,1,0
97885429,1,0
97938478,1,0
98210964,1,0
98256813,1,0
98390876,1,0
99359781,1,0
99635074,1,0
99779463,1,0
100042714,1,0
100076991,1,0
100332944,1,0
100353089,1,0
100761904,1,0
101027684,1,0
101120909,1,0
101877724,1,0
102094084,1,0
102096979,1,0
102213313,1,0
102265752,1,0
102585428,1,0
102716828,1,0
102745564,1,0
102858335,1,0
102884742,1,0
103031219,1,0
103266308,1,0
103451046,1,0
103481551,1,0
103593224,1,0
103747623,1,0
103881190,1,0
103913011,1,0
104061768,1,0
104262458,1,0
104342536,1,0
104514277,1,0
104839797,1,0
104965154,1,0
105040438,2,0
105125620,1,0
105857751,1,0
105906359,1,0
106251052,1,0
106328643,1,0
106578299,1,0
106889639,1,0
108113522,1,0
108530113,1,0
108617838,1,0
108638410,1,0
108781776,1,0
108802261,1,0
108913230,1,0
108979962,1,0
109509376,1,0
109615812,1,0
109622975,1,0
109623426,1,0
110122703,1,0
110158518,1,0
110215397,1,0
110224692,1,0
110459289,1,0
110857907,1,0
111012277,1,0
111056714,1,0
111332093,1,0
111340215,1,0
111341458,1,0
111383152,1,0
111728244,1,0
111733430,1,0
111934395,1,0
112011408,1,0
112172807,1,0
112211586,1,0
112265142,1,0
112770595,1,0
112893953,1,0
113373619,1,0
113542476,1,0
113745750,1,0
113987040,1,0
114498372,1,0
114714350,1,0
114873175,2,0
114995061,1,0
115065615,1,0
115094250,1,0
115203691,1,0
115542166,2,0
115694587,1,0
115886108,1,0
115914506,2,0
115941026,1,0
116071286,1,0
116080934,1,0
116237528,1,0
116305161,1,0
116563875,1,0
116628885,1,0
116670486,1,0
116741858,1,0
116916044,2,0
117108989,1,0
117148273,1,0
117303658,1,0
117323757,1,0
117464411,1,0
117516176,1,0
117826932,1,0
118207109,1,0
118517185,1,0
119504275,1,0
119796428,1,0
119965416,1,0
119966660,1,0
120101909,1,0
120440657,1,0
121429922,1,0
121432035,1,0
121571926,1,0
121726111,1,0
121800343,1,0
121848279,1,0
121875662,1,0
122112712,1,0
122163344,1,0
122422860,1,0
122538135,1,0
122960146,1,0
123614006,1,0
123697165,1,0
123778500,1,0
123835120,1,0
123857665,1,0
124344918,1,0
124436959,1,0
124586215,1,0
124602510,2,0
124846254,1,0
124908263,1,0
125218969,1,0
126411136,1,0
126669003,1,0
126987565,1,0
126994508,1,0
127677144,1,0
127720374,1,0
128253065,1,0
128367074,1,0
128554081,1,0
128654983,1,0
128994419,1,0
129012362,1,0
129566089,1,0
129580191,1,0
129694246,1,0
129764541,2,0
129954707,1,0
129993945,1,0
130128708,1,0
130211807,1,0
130312751,1,0
130368969,1,0
130525384,1,0
130601966,1,0
130636969,1,0
131031011,1,0
131125923,1,0
131182168,1,0
131374292,1,0
131418668,1,0
131564785,1,0
131576466,1,0
131773155,1,0
131817115,1,0
131962317,1,0
132144503,1,0
132325707,1,0
132698345,1,0
132887215,1,0
133075284,1,0
133249208,1,0
133442001,1,0
133492528,1,0
133677123,1,0
133909799,2,0
134182657,1,0
134240007,1,0
134324484,1,0
134867773,1,0
134908726,1,0
134948483,1,0
135176324,1,0
136048033,1,0
136074653,1,0
136400321,1,0
136587906,1,0
136716625,1,0
136881432,1,0
136952606,1,0
137010345,1,0
137517117,1,0
137661645,1,0
137691669,1,0
137932942,1,0
137977246,1,0
138130916,1,0
138198794,1,0
138399998,1,0
138600013,2,0
138758425,1,0
138854452,1,0
138862578,1,0
138920014,1,0
139468645,1,0
140027199,1,0
140302637,1,0
140363070,1,0
140458549,1,0
140771865,1,0
140826922,1,0
140981069,1,0
141040676,1,0
141370385,1,0
141567957,1,0
141586106,1,0
141627342,1,0
141713414,1,0
141853193,1,0
142089059,1,0
142162192,1,0
142400695,1,0
142545444,1,0
142631204,1,0
143087839,1,0
143206247,1,0
143232273,1,0
143325651,1,0
143369359,1,0
143434770,1,0
143815425,1,0
143827449,1,0
143912843,1,0
143913170,1,0
144036263,1,0
144590940,1,0
145007254,1,0
145049156,1,0
145338063,1,0
145429739,1,0
145499533,1,0
145527869,1,0
145676421,1,0
145773721,1,0
146125091,2,0
146204723,1,0
146422118,1,0
146443604,1,0
146527747,1,0
146917303,1,0
147246461,1,0
147735600,1,0
147905735,1,0
148299961,1,0
148326081,1,0
148433657,1,0
148642935,1,0
149126571,1,0
149141631,1,0
149241683,1,0
149299092,1,0
149345784,1,0
149767948,1,0
150404352,1,0
150484257,1,0
150690843,1,0
151355007,1,0
151422672,1,0
151737642,1,0
152245309,1,0
152470443,1,0
152509831,1,0
152545223,1,0
152709363,1,0
152783932,3,0
153476599,1,0
153703525,1,0
153860022,1,0
154173366,1,0
154941779,1,0
155002401,1,0
155058199,1,0
155064704,1,0
155221291,1,0
155528643,1,0
155605856,1,0
155694788,1,0
156370085,1,0
156848287,1,0
156976635,2,0
157602310,1,0
158311934,1,0
158469575,1,0
158585424,1,0
158892037,1,0
159089108,1,0
159118586,1,0
159199114,2,0
159254509,1,0
159499883,1,0
159750662,1,0
159788480,1,0
159892347,1,0
160218098,1,0
160281169,1,0
160690393,1,0
160808728,1,0
161121502,1,0
161222517,1,0
161480716,1,0
162480995,1,0
162507475,1,0
162725864,1,0
162911582,1,0
162932562,1,0
163073395,1,0
163152785,1,0
163157573,1,0
163419462,1,0
163659563,1,0
163849460,1,0
164050325,1,0
164158837,1,0
164194856,3,0
164346642,1,0
164720415,1,0
164732629,1,0
164758349,1,0
164885203,1,0
165067993,1,0
165161226,1,0
165521111,1,0
166214224,1,0
166404954,1,0
166549236,1,0
166586741,1,0
166594658,1,0
166623921,1,0
166949672,1,0
167152497,1,0
167550475,1,0
167802279,1,0
168517836,1,0
168541904,2,0
168559320,1,0
169053453,1,0
169905898,1,0
170049600,1,0
170342449,1,0
170362343,1,0
170462802,1,0
170959197,1,0
171043531,1,0
171204578,1,0
171335700,1,0
171554034,1,0
171621197,1,0
171754508,1,0
172024999,1,0
172231900,1,0
172501711,1,0
172583086,1,0
173042589,1,0
173050801,1,0
173064256,1,0
173277340,1,0
173495003,1,0
173674375,1,0
173688702,1,0
173699844,1,0
173898572,1,0
173957100,1,0
173964397,2,0
174505125,1,0
174647647,1,0
174660021,1,0
175224146,1,0
175375769,1,0
175522744,1,0
175570527,1,0
175610205,1,0
175677307,1,0
175762533,1,0
176407708,1,0
176501938,1,0
176641252,1,0
176775528,1,0
177046597,1,0
177694104,1,0
178205270,1,0
178478579,1,0
178666937,1,0
179046931,1,0
179124669,1,0
179142856,1,0
179328433,1,0
179946527,1,0
180342234,1,0
180793933,1,0
181237019,1,0
181340211,1,0
181498958,1,0
181772225,1,0
181800015,1,0
182009500,1,0
182342251,1,0
182825638,1,0
182907865,1,0
183176249,2,0
183214374,1,0
183338245,1,0
183575499,1,0
183648139,1,0
183687392,1,0
183693634,1,0
183831859,1,0
183969569,2,0
184138939,1,0
184207734,1,0
184613586,1,0
184745576,1,0
184997788,1,0
185189319,1,0
185788568,1,0
186312186,1,0
186788371,1,0
186875226,1,0
187065243,1,0
187383529,1,0
187554393,1,0
187703309,1,0
187785517,1,0
188109113,1,0
188217844,1,0
188367715,1,0
188522784,1,0
188621489,1,0
189084602,1,0
189291294,1,0
189584079,1,0
189620571,1,0
190170261,1,0
190937995,1,0
191224331,1,0
191471032,1,0
191802760,1,0
192080140,1,0
192611973,1,0
192618801,1,0
194305082,1,0
194984003,1,0
195563053,1,0
195738913,1,0
196212075,1,0
196280459,1,0
196364524,1,0
196400391,1,0
196482973,1,0
196573842,1,0
196588151,1,0
196771982,1,0
196791283,1,0
196839157,1,0
197211136,1,0
197223728,1,0
197527940,1,0
197773332,1,0
197840226,1,0
198292201,1,0
198617704,1,0
198718067,1,0
199344049,1,0
199470737,1,0
199472652,1,0
199529947,1,0
199781645,1,0
199825746,2,0
199909145,1,0
200076107,1,0
200086251,1,0
200344234,1,0
200454472,1,0
200631271,1,0
200962617,1,0
201236036,1,0
201622991,1,0
202005048,1,0
202061206,1,0
202365323,1,0
202422365,1,0
202486504,1,0
202733159,1,0
202785538,1,0
203399832,1,0
203687498,1,0
203695308,1,0
204030701,1,0
204122679,1,0
204139735,1,0
205065572,1,0
205547336,1,0
205877676,1,0
206354511,1,0
206417966,1,0
207536740,1,0
207833405,2,0
207833732,1,0
208373264,1,0
208673100,1,0
208857191,1,0
210120527,1,0
210246822,1,0
210912334,1,0
210927790,1,0
211029138,1,0
211153514,1,0
211240572,1,0
211250583,1,0
211399998,1,0
211465687,1,0
211631917,1,0
211771914,1,0
212336449,1,0
212416579,1,0
212642904,1,0
212735740,1,0
212925563,1,0
213064031,1,0
213718974,1,0
213901605,2,0
214572427,1,0
215178490,1,0
215382997,1,0
215415571,1,0
215487272,1,0
215839576,1,0
216322763,1,0
216727472,1,0
216788812,1,0
216823522,1,0
217077998,1,0
217142231,1,0
217159535,1,0
217583151,1,0
217884238,1,0
218016656,1,0
218123531,1,0
218169343,1,0
218396478,1,0
218519409,1,0
218764348,1,0
219450405,1,0
219750739,1,0
220561434,1,0
220807472,1,0
220874721,1,0
221036382,1,0
221121595,1,0
221172641,1,0
221249442,1,0
221369745,1,0
221452739,1,0
221654816,1,0
221915489,1,0
221943846,1,0
221958750,1,0
222120124,1,0
222981865,1,0
223262753,1,0
223522724,1,0
223562193,1,0
224239951,1,0
224564971,1,0
224710149,1,0
224768234,1,0
225117039,1,0
225158293,1,0
225161814,1,0
225376008,1,0
225376706,1,0
225438953,1,0
225772505,1,0
225791058,1,0
225798682,2,0
226406768,1,0
226444136,1,0
226630919,1,0
226818275,1,0
226847136,1,0
227381114,1,0
228017092,1,0
228424240,1,0
228456649,1,0
228694583,1,0
228902009,1,0
229101835,2,0
229244881,1,0
229275098,1,0
229936422,1,0
230068159,1,0
230301836,1,0
230433498,1,0
230826920,1,0
230993013,1,0
231084608,1,0
231341638,1,0
231953155,1,0
232231730,1,0
232615534,1,0
232765992,1,0
232863368,1,0
233263094,1,0
233419917,1,0
233685512,1,0
233750456,1,0
233889759,1,0
234048426,1,0
234133657,1,0
234205423,1,0
234342779,1,0
234475666,1,0
234511201,1,0
234776222,1,0
235032905,1,0
235403523,1,0
235592742,1,0
235845917,1,0
235883065,1,0
236109983,1,0
236792856,1,0
236970304,1,0
236976950,1,0
237090411,1,0
237189672,1,0
237383029,1,0
237511010,1,0
237519969,1,0
237935961,1,0
238219395,1,0
238497343,1,0
238535009,1,0
239443635,1,0
239524827,1,0
239612108,1,0
240033378,2,0
240829539,1,0
240901583,1,0
241898372,1,0
241924374,1,0
242000817,1,0
242330220,1,0
242401657,1,0
242556763,1,0
242921623,1,0
243209173,2,0
243276909,1,0
243422274,1,0
243836495,1,0
244046781,1,0
244117260,1,0
244176414,1,0
244225397,1,0
244278070,1,0
244417596,1,0
244542203,1,0
244691578,1,0
244697026,1,0
245025428,1,0
245184814,1,0
245552254,1,0
245909504,1,0
246082925,2,0
246162336,1,0
246498739,1,0
246522733,1,0
246709796,1,0
246851478,1,0
246878743,1,0
246989924,1,0
248056357,1,0
248378447,1,0
248814554,1,0
248982153,1,0
249198511,1,0
249457691,1,0
249748008,1,0
249782499,1,0
250255810,1,0
250383487,1,0
250446487,1,0
250594759,1,0
250639803,1,0
250722313,1,0
250792003,1,0
250817158,1,0
250977951,1,0
250995391,1,0
251193442,1,0
251377843,1,0
251406031,1,0
251965417,1,0
251968824,1,0
252365529,1,0
252630434,1,0
252667389,2,0
252877712,1,0
252966922,1,0
253060699,1,0
253344694,1,0
253765069,1,0
253997764,1,0
254031838,1,0
254258180,1,0
254486246,1,0
254592187,1,0
254614486,2,0
255373733,1,0
255422572,1,0
255548273,1,0
255714585,1,0
256148755,1,0
256242241,1,0
256276567,1,0
256324454,1,0
256372730,1,0
256594454,1,0
256910790,1,0
257148648,1,0
257156669,1,0
257403792,1,0
257501251,1,0
257954513,1,0
258006625,1,0
258114796,1,0
258173240,1,0
258359402,1,0
258457059,1,0
258536214,1,0
258546517,1,0
258609152,1,0
258647603,1,0
258654213,1,0
258709943,3,0
259228517,1,0
259391806,1,0
259582246,1,0
259952943,1,0
260036406,1,0
260149844,1,0
260238799,1,0
260728686,1,0
260805395,1,0
260979430,2,0
261039850,1,0
261125737,1,0
261213914,1,0
261539596,1,0
261726010,1,0
261768141,1,0
261824721,1,0
261884862,1,0
262296629,1,0
262306331,1,0
262475606,1,0
262949677,1,0
263354631,1,0
264466763,1,0
264891358,1,0
265083061,1,0
265266455,1,0
265555159,1,0
265868856,3,0
265903418,1,0
266177314,1,0
266182541,1,0
266234941,1,0
266580278,1,0
266706213,1,0
266941598,1,0
267299194,1,0
267350877,2,0
267411749,1,0
267424200,1,0
267495548,1,0
268380985,1,0
268583116,1,0
268869271,1,0
269211359,1,0
269564759,1,0
269793965,1,0
269991323,1,0
270033836,1,0
270158646,1,0
270622633,1,0
270849968,1,0
271548808,1,0
271721700,1,0
272013004,1,0
272933834,1,0
273681431,1,0
274048823,1,0
275003468,1,0
275394174,1,0
275454046,1,0
276148059,1,0
276214034,1,0
276388773,1,0
276444152,1,0
276563205,2,0
276829110,1,0
277049262,1,0
277255735,1,0
277754474,1,0
277827703,1,0
277856441,1,0
277949890,1,0
278148123,1,0
278279552,1,0
278476812,1,0
278593476,1,0
278598187,1,0
278633890,1,0
279143806,1,0
279172890,1,0
279645792,2,0
279689298,1,0
280249144,1,0
280662664,1,0
280703283,1,0
280767476,1,0
281314859,1,0
281447128,1,0
281988196,1,0
282098746,1,0
282291331,1,0
282831105,1,0
282869930,1,0
283190252,2,0
283555071,1,0
283669532,1,0
283734799,1,0
283828984,1,0
284094871,1,0
284175430,1,0
284202107,2,0
284239036,1,0
284383568,1,0
284397703,1,0
285440164,1,0
285660615,1,0
285859548,1,0
286117242,1,0
286369704,1,0
286814672,1,0
287181735,1,0
287420800,1,0
287541083,1,0
288454125,1,0
288831397,1,0
288883638,1,0
289239834,1,0
289524583,1,0
289715538,1,0
289779158,1,0
290158179,1,0
290854943,1,0
291433557,1,0
291843919,1,0
292031486,1,0
292276905,1,0
292619181,1,0
293734824,1,0
294091585,1,0
294245618,1,0
294285229,1,0
294413590,1,0
294417249,1,0
294652317,1,0
294717500,1,0
295202885,1,0
295420637,1,0
295693396,1,0
295779626,1,0
295790580,2,0
295842121,1,0
296080440,1,0
296337670,1,0
296364380,1,0
297293984,1,0
297433046,1,0
297600730,1,0
297997504,1,0
298412235,1,0
299220494,1,0
299466161,1,0
300303770,1,0
300445174,1,0
300496307,1,0
300501843,1,0
300532220,1,0
300642262,1,0
300740966,1,0
300806893,1,0
301176284,1,0
301183299,1,0
301622808,1,0
301657561,2,0
302126548,1,0
302402692,1,0
303294900,1,0
303565669,1,0
304397033,1,0
304535293,1,0
304695261,1,0
304949399,1,0
305135157,1,0
305327323,1,0
305423966,1,0
305508802,1,0
305590095,1,0
306055499,1,0
306176705,1,0
306208516,1,0
306233545,1,0
306445450,1,0
306617234,1,0
306938933,1,0
306942465,1,0
307462774,1,0
307674479,1,0
307716681,1,0
308004665,1,0
308093307,1,0
308285751,1,0
308479920,1,0
308727533,1,0
308977916,1,0
309267491,1,0
309286580,1,0
309314511,2,0
309516299,1,0
310456740,1,0
310651171,1,0
310781906,1,0
310962226,1,0
311138619,1,0
311281119,1,0
311471785,1,0
311497030,1,0
311691709,1,0
311743687,1,0
312336521,1,0
312380388,2,0
312384479,1,0
312558690,1,0
312921284,1,0
313198422,1,0
313254646,1,0
313390442,1,0
313454563,1,0
313869247,1,0
313946788,1,0
314028598,1,0
314216205,1,0
314480344,1,0
314916721,1,0
315413807,1,0
315485621,1,0
315570793,1,0
315994858,1,0
316208642,1,0
316248609,1,0
316454138,1,0
316635234,1,0
316821364,1,0
316833034,1,0
316858776,1,0
317048963,1,0
317285654,1,0
317321550,1,0
317327561,1,0
317387336,1,0
317730346,1,0
317870287,2,0
317908421,1,0
318020536,1,0
318440306,1,0
318486611,1,0
318707425,1,0
319339076,1,0
319352009,1,0
319583820,1,0
319692071,1,0
319814074,1,0
319951909,1,0
320552564,1,0
320570364,1,0
321844163,1,0
322293052,1,0
322636636,1,0
322846745,1,0
322967690,1,0
323147038,1,0
323445326,1,0
324100637,1,0
324255949,1,0
325006877,1,0
325203860,1,0
325385490,1,0
326184124,1,0
326457819,1,0
326660609,1,0
327013478,1,0
327072628,1,0
327576721,1,0
327997145,1,0
328730433,1,0
329141440,1,0
329152035,1,0
329315032,1,0
330319375,1,0
330357834,1,0
330683027,1,0
330715293,1,0
331143907,1,0
331383808,1,0
331489197,1,0
331589097,1,0
331828541,2,0
332259447,1,0
332370668,1,0
332638685,1,0
332673100,1,0
332799754,1,0
333539696,1,0
333612021,1,0
333881962,1,0
334459049,1,0
334621930,1,0
334920640,1,0
335114476,1,0
335134816,2,0
335144670,1,0
335150639,1,0
335202402,1,0
335393795,1,0
336540524,1,0
336941108,1,0
337073674,1,0
337277662,1,0
338101330,1,0
338831540,1,0
339343519,1,0
339352638,1,0
339630950,1,0
339694019,1,0
339719246,1,0
339782638,1,0
340254170,1,0
340786611,1,0
340947261,1,0
341106390,1,0
341191499,1,0
341235491,1,0
341640746,1,0
341871950,1,0
342051426,1,0
342293332,1,0
342417423,1,0
342551658,1,0
343116248,1,0
343430892,1,0
343450171,1,0
343542093,1,0
343546234,1,0
344056452,1,0
344154685,1,0
344381865,1,0
344508197,1,0
344764478,1,0
345121911,1,0
345313502,1,0
345385271,1,0
345459653,1,0
345828427,1,0
346330316,2,0
346347040,1,0
346402393,1,0
346599459,1,0
346849507,1,0
347749358,1,0
347764424,1,0
348173470,2,0
348262463,1,0
348442430,1,0
348597625,1,0
348628034,1,0
348864589,1,0
348921884,1,0
349239263,1,0
349314403,1,0
349462247,1,0
349668428,1,0
349779229,1,0
349991835,1,0
350506835,1,0
350823037,1,0
350968505,1,0
351127453,1,0
351813568,1,0
352247135,1,0
352944245,1,0
353073962,1,0
353155903,1,0
353214389,1,0
353221069,1,0
353335406,1,0
353561400,1,0
353721122,1,0
353849714,1,0
354595011,1,0
354704029,1,0
355012774,1,0
355158894,1,0
355227153,1,0
355370633,1,0
355778143,1,0
356246595,1,0
356335878,1,0
356408670,1,0
356591823,1,0
356598860,1,0
356859394,1,0
356873229,1,0
357321906,1,0
357340443,1,0
357961706,1,0
358204463,1,0
358262744,3,0
358279270,1,0
358370516,1,0
358589857,1,0
358932324,1,0
359868036,1,0
359875588,1,0
360130771,1,0
360295192,1,0
360312158,2,0
360802625,1,0
360834744,1,0
360962518,1,0
361365042,3,0
361437624,1,0
361531873,1,0
361626502,2,0
361845329,1,0
361929946,1,0
362031374,1,0
362312335,1,0
362351769,1,0
362414860,1,0
362542651,3,0
362890774,1,0
362916526,1,0
363303236,1,0
363333018,1,0
363434988,1,0
363486661,1,0
363787987,1,0
363933239,1,0
363936687,1,0
363991767,2,0
364046146,1,0
364528766,1,0
364633342,1,0
364813014,1,0
365100852,1,0
365168112,1,0
365236371,1,0
365376117,1,0
365540734,1,0
366033559,1,0
366209259,1,0
366251561,1,0
366311966,1,0
366830788,1,0
367248619,1,0
367704699,1,0
367750490,1,0
368206573,1,0
368344240,1,0
368432761,1,0
369602944,1,0
370028205,1,0
370283348,1,0
370487237,2,0
370587754,1,0
370653529,1,0
370830189,1,0
371031508,1,0
371529677,1,0
371581403,1,0
372055902,1,0
372056289,1,0
372340480,1,0
372531314,1,0
372836038,1,0
373416398,1,0
373518467,1,0
373613355,1,0
374055312,1,0
374227176,1,0
374330230,1,0
374706214,1,0
374743973,1,0
375057886,1,0
375375805,1,0
376343616,1,0
376389094,1,0
376537750,1,0
376906343,1,0
377006941,2,0
377016536,1,0
377071661,1,0
377717278,1,0
378346128,1,0
378802752,1,0
378863847,1,0
379517721,1,0
379818751,1,0
379964100,1,0
380369476,1,0
380524610,1,0
380639230,1,0
380670828,1,0
381187140,1,0
381557779,1,0
381707738,1,0
382560445,1,0
382896256,1,0
383294698,1,0
384311503,1,0
384456599,1,0
384702097,1,0
384715984,1,0
384804657,1,0
385488149,1,0
385550029,1,0
385731260,1,0
385848621,1,0
386470548,1,0
386966920,1,0
387381578,1,0
387876936,1,0
388000498,1,0
388098023,1,0
388369747,1,0
388382637,1,0
388437116,1,0
388938945,2,0
389209437,1,0
389740116,1,0
390500587,1,0
391323466,1,0
391544447,1,0
392142875,1,0
392531729,1,0
392578138,1,0
392613136,1,0
392890423,1,0
393397191,1,0
393460878,1,0
393701691,1,0
393773669,1,0
394222804,1,0
394324308,1,0
394358206,1,0
394392730,1,0
394449547,1,0
394465457,1,0
394797180,1,0
394836138,1,0
394957116,1,0
395634978,1,0
395725472,1,0
395755205,1,0
396109456,1,0
396133880,1,0
396218637,1,0
396273995,1,0
396301967,1,0
396749101,1,0
396938239,1,0
397070088,2,0
397271815,1,0
397410494,1,0
397419910,1,0
398089579,1,0
398309377,1,0
398547086,1,0
398900563,1,0
398995333,1,0
399108135,1,0
399142235,1,0
399221791,1,0
400461266,1,0
401003312,1,0
401044068,1,0
401253874,1,0
401871463,1,0
402001538,1,0
402042816,1,0
402960337,1,0
402974776,1,0
403027343,1,0
403511982,1,0
403561259,1,0
404351339,1,0
404505902,1,0
405063823,1,0
405282123,1,0
405329554,1,0
405894569,1,0
407334252,1,0
408720804,1,0
408738535,1,0
408890769,1,0
409237097,1,0
409336194,1,0
409589134,1,0
409624076,1,0
409929154,1,0
410177870,1,0
411423293,1,0
411710558,1,0
411813849,1,0
412483670,1,0
412603788,1,0
413100605,1,0
413233477,1,0
413357591,1,0
413452411,1,0
413855396,1,0
414194957,1,0
414221776,1,0
414327129,1,0
414580722,1,0
414794763,1,0
414997310,1,0
415193225,1,0
415399800,1,0
415944721,1,0
416341337,1,0
416423079,1,0
416518771,1,0
416782606,1,0
417414345,1,0
417855802,1,0
418279134,1,0
418350039,1,0
419060494,2,0
419327066,1,0
420395584,1,0
420656758,1,0
420807822,1,0
421483231,1,0
422084538,1,0
422182447,1,0
422244502,1,0
422330508,1,0
422679620,1,0
422848459,1,0
422877737,1,0
423420622,1,0
423796700,1,0
424044546,1,0
424709673,1,0
424775606,2,0
426126668,1,0
426195638,1,0
426783409,1,0
426995450,2,0
427167471,1,0
427396925,1,0
427660037,1,0
427720347,1,0
427893226,1,0
428152773,1,0
428470300,1,0
428717423,1,0
428917289,1,0
429104160,1,0
429247467,1,0
430798320,1,0
431237225,1,0
431449122,1,0
431467156,1,0
431845494,1,0
431863687,1,0
432002514,1,0
432225789,1,0
433015972,1,0
433242781,1,0
433520140,1,0
433609610,1,0
433839904,1,0
434114744,1,0
434471545,2,0
434483058,1,0
434542923,1,0
434640003,1,0
435064364,1,0
435095807,1,0
435134501,1,0
435203155,1,0
435436244,1,0
435454764,1,0
435484714,1,0
436229682,1,0
436432323,1,0
437513699,1,0
438386733,1,0
438469971,1,0
438604014,1,0
438696869,1,0
439433509,1,0
440216877,1,0
440442600,1,0
442276858,1,0
442353305,1,0
442476408,1,0
442593662,1,0
443423192,1,0
443663187,1,0
443687084,1,0
443843238,1,0
444436154,1,0
444662650,1,0
444764308,1,0
445250430,1,0
445590277,2,0
446071634,1,0
446745495,1,0
446800077,1,0
446973308,1,0
447124016,1,0
447340902,1,0
447505883,1,0
447914003,1,0
448805451,1,0
449194238,1,0
449743731,1,0
450906210,1,0
450926325,1,0
450928350,1,0
451076933,1,0
451312264,1,0
451523411,1,0
451728478,1,0
452142298,1,0
452620717,1,0
453096752,1,0
453304792,1,0
453337523,1,0
453428503,1,0
453472446,1,0
453486898,1,0
454114632,2,0
454170207,1,0
454350902,1,0
454945293,1,0
455033068,1,0
455228639,1,0
455282690,1,0
455972590,1,0
456017451,1,0
456169907,1,0
456552298,1,0
457352861,1,0
457874269,1,0
457990699,1,0
458006707,1,0
458281865,1,0
458413602,1,0
458773780,1,0
458849957,1,0
459324870,1,0
459850674,1,0
459876432,2,0
460475288,1,0
460617733,1,0
460693219,1,0
461219840,1,0
462130006,1,0
462281733,1,0
462910662,1,0
462968208,1,0
463154299,1,0
463224677,1,0
463259387,1,0
463603357,1,0
464028785,1,0
464190989,1,0
464824572,1,0
465557952,1,0
465592788,1,0
465647696,1,0
465827059,1,0
465894627,1,0
465941212,1,0
467001020,1,0
467016100,1,0
467049123,1,0
467479637,1,0
467740797,2,0
467746035,1,0
468417055,1,0
468477322,2,0
468927129,1,0
469251635,1,0
469445709,1,0
469912634,1,0
470674807,1,0
470874694,1,0
471198663,1,0
471526663,1,0
472290457,2,0
472502480,1,0
472652690,1,0
472812902,1,0
472934124,1,0
473598677,1,0
474687142,1,0
474835254,1,0
475007695,1,0
475305252,1,0
475402227,1,0
476015750,1,0
476319854,1,0
476510203,1,0
476768743,1,0
476866912,1,0
477717206,1,0
477845629,1,0
477856594,1,0
478129767,1,0
478376268,1,0
478395940,1,0
478561315,1,0
479183126,1,0
479211640,1,0
479749009,1,0
479881514,1,0
479985705,1,0
479988324,1,0
480028173,1,0
480722940,1,0
480833758,1,0
480903476,1,0
481018891,1,0
481168146,1,0
481636037,1,0
482161039,1,0
482230775,1,0
482266111,1,0
482463507,1,0
482926979,1,0
483136295,1,0
483145403,1,0
484428807,1,0
485288387,1,0
485306087,1,0
485434145,2,0
485736460,1,0
485906011,1,0
486220647,1,0
486223071,1,0
486355887,1,0
486515301,1,0
486961807,1,0
487269195,1,0
487350871,1,0
487656282,1,0
487856639,1,0
487937213,1,0
488245997,1,0
488398550,1,0
488743449,1,0
488877604,1,0
489311451,1,0
489507602,1,0
489682278,1,0
489712431,1,0
491458823,1,0
491715730,1,0
491793986,1,0
492361305,1,0
493020839,1,0
493070499,1,0
493098081,1,0
493329438,1,0
493444789,1,0
494019938,1,0
494039949,1,0
495029728,2,0
495583603,1,0
495602226,1,0
497300095,1,0
498061397,1,0
498614340,1,0
498674963,1,0
499489786,1,0
500310045,1,0
500502640,1,0
500589735,1,0
501691674,1,0
501712046,1,0
502418071,1,0
503280267,1,0
504405869,1,0
504517067,1,0
504883940,2,0
505089027,1,0
505308755,1,0
506238479,1,0
506242465,1,0
506374922,1,0
506462325,1,0
506582451,1,0
507234347,1,0
507565009,1,0
507832406,1,0
508061813,1,0
508220637,1,0
509080701,2,0
509607014,1,0
509745389,1,0
510813892,1,0
511021526,1,0
511096613,1,0
512465595,2,0
512608908,1,0
513130164,1,0
513420310,1,0
513724263,1,0
513775002,1,0
513876919,1,0
514415092,1,0
514689878,1,0
514838957,1,0
515437335,1,0
515875427,1,0
516186294,1,0
516332367,1,0
516606762,1,0
516876968,1,0
517241064,1,0
518484971,1,0
518863751,1,0
518896557,1,0
519063540,1,0
519222586,2,0
519294748,1,0
519375166,1,0
519584029,1,0
519797151,1,0
519910127,1,0
519954160,1,0
520495267,1,0
520658613,1,0
520858506,1,0
521527264,1,0
522656526,1,0
524878657,1,0
525798773,1,0
525850419,1,0
526371875,1,0
526379014,1,0
526601851,1,0
526818800,1,0
527853926,1,0
528421383,1,0
528609410,1,0
528663630,1,0
529392326,1,0
529554898,1,0
529690920,1,0
531565758,1,0
532773823,1,0
532807282,1,0
532829157,1,0
533169299,1,0
533469077,2,0
534427176,1,0
534699294,1,0
535951836,1,0
536734538,1,0
537182686,1,0
537792459,1,0
537882786,1,0
538355789,1,0
538481859,1,0
538686429,1,0
539157276,1,0
539343306,1,0
539402135,1,0
539500245,1,0
539507024,1,0
540674084,1,0
540745898,1,0
541072848,1,0
541302776,1,0
541402714,1,0
541943899,1,0
542234143,1,0
542877482,1,0
543014055,1,0
543078558,1,0
544062685,1,0
546154109,1,0
546268887,1,0
546483605,1,0
546486151,1,0
546976063,1,0
547184768,1,0
547501342,1,0
547911129,1,0
548481495,1,0
548592303,1,0
549364522,1,0
551466596,1,0
552098434,1,0
552120525,1,0
552250818,1,0
552421544,1,0
552613958,1,0
552895466,1,0
553685555,1,0
553943568,2,0
554452904,1,0
554543406,1,0
554580381,1,0
554733694,1,0
554899248,1,0
554944246,1,0
556284957,1,0
556579458,2,0
557165741,1,0
557179358,1,0
557395428,1,0
557518462,1,0
557956059,1,0
557995144,1,0
558092364,1,0
558709832,1,0
558812434,1,0
558903596,1,0
559220359,1,0
561310591,1,0
561346507,1,0
561581748,1,0
561607211,1,0
562352322,1,0
563189006,1,0
563333989,1,0
563385979,1,0
563833214,1,0
563907151,1,0
564836634,1,0
564851403,1,0
565159772,1,0
565331332,1,0
565386141,1,0
565466227,1,0
565661380,1,0
565998937,1,0
566554210,1,0
566700073,1,0
566701165,1,0
566896561,1,0
566993821,1,0
567405814,1,0
567841401,1,0
568237385,1,0
568409328,1,0
568723014,1,0
569207727,1,0
569393905,3,0
569473957,1,0
569670271,1,0
570366318,1,0
570859259,1,0
571296398,1,0
571700907,1,0
571707970,1,0
572132472,1,0
572257085,1,0
572812909,1,0
572909337,1,0
573690409,1,0
573715595,1,0
574378556,1,0
574490430,1,0
575003514,1,0
575049291,1,0
575174657,1,0
575428593,2,0
575705969,1,0
575723100,1,0
575743082,1,0
575767173,1,0
575802692,3,0
575844224,1,0
575950134,1,0
576560345,1,0
577515340,3,0
578314910,1,0
578451541,1,0
578452611,1,0
578535277,1,0
578564570,1,0
579287472,1,0
580003294,1,0
580146785,1,0
580195250,1,0
581043583,1,0
581386541,1,0
582074783,1,0
582513222,1,0
582755154,1,0
582950898,1,0
583529835,1,0
584949095,1,0
585084964,1,0
585490397,5,0
585608017,1,0
585762612,1,0
586104298,1,0
586690379,1,0
587008682,1,0
587226800,1,0
587320888,1,0
587538019,1,0
588025332,1,0
588452130,1,0
588504562,3,0
589390524,1,0
589527729,1,0
589884287,1,0
590441357,1,0
591315406,1,0
591387974,1,0
591430817,1,0
592154350,1,0
593323906,1,0
593411583,1,0
593513239,3,0
593611447,1,0
593854333,1,0
594851133,1,0
595938939,1,0
596071565,1,0
596112367,1,0
596243189,1,0
596506588,1,0
596722588,1,0
596753568,1,0
596817323,1,0
596835403,1,0
597873702,1,0
598041838,1,0
598136312,1,0
598603007,1,0
599423003,1,0
599582105,1,0
600433936,1,0
600862470,1,0
600980591,1,0
601016458,1,0
601155149,1,0
601218364,1,0
602699758,1,0
602828183,1,0
603009073,1,0
603048132,1,0
603466029,1,0
603466196,1,0
604513265,1,0
605582767,1,0
606290589,1,0
606686478,1,0
606798903,1,0
607534903,1,0
607709222,1,0
607974856,1,0
608190759,1,0
608209503,1,0
608511394,1,0
608519024,1,0
608601162,1,0
608701086,1,0
609106596,1,0
609352622,1,0
609478103,1,0
609567054,1,0
610223208,1,0
610429671,1,0
611428378,1,0
611691727,1,0
611743202,1,0
612576449,1,0
614050028,1,0
614540961,1,0
614662763,2,0
615790762,1,0
617478836,1,0
618020700,1,0
618419310,1,0
618756555,1,0
619044560,2,0
619104349,1,0
619501830,1,0
619845158,1,0
620128173,2,0
620233767,1,0
620338439,1,0
621295491,1,0
622030431,1,0
622243336,2,0
622268608,1,0
623043367,1,0
623092640,1,0
623378431,1,0
623595740,1,0
623611419,1,0
623692427,1,0
623936995,1,0
624921131,1,0
625637264,1,0
626041850,1,0
626595981,1,0
627329421,1,0
627740009,5,0
627865229,1,0
628008739,1,0
628744406,1,0
628818151,1,0
629359957,1,0
630621606,1,0
630779299,1,0
631277947,1,0
631334695,2,0
632159055,1,0
632349154,1,0
632652795,1,0
633289519,1,0
633520627,1,0
633644138,1,0
634617333,1,0
634735456,1,0
634752849,2,0
634846362,1,0
635007203,1,0
635562353,1,0
635951280,1,0
637222286,1,0
637351970,1,0
637373855,1,0
700204855,1,0
700571440,1,0
701056711,1,0
702413359,1,0
702502640,1,0
702574705,1,0
702857437,1,0
702961177,1,0
703035773,1,0
703086885,1,0
703252159,1,0
703626380,1,0
703776246,1,0
703995450,1,0
704428902,2,0
705309626,1,0
707607792,1,0
707820542,1,0
708510376,1,0
708628003,1,0
708751801,2,0
709506823,1,0
710547232,1,0
711259440,1,0
711477402,1,0
711591366,1,0
711661645,1,0
711848363,1,0
712479930,2,0
712576220,1,0
712625179,1,0
712936897,1,0
713830012,1,0
713944387,1,0
714549002,1,0
714947920,1,0
715370166,1,0
716357128,1,0
716711178,1,0
717787913,1,0
718356852,1,0
719001300,1,0
719152463,2,0
721298719,1,0
723280488,1,0
724458240,1,0
724713187,1,0
727472528,2,0
729109963,1,0
729866012,1,0
730345988,1,0
733348969,1,0
733360368,1,0
733380758,1,0
734473962,1,0
735403034,1,0
735699570,1,0
737300101,1,0
739474189,1,0
739751262,1,0
741706855,1,0
743767076,1,0
744138133,1,0
744194214,1,0
745024646,1,0
745903627,1,0
747259098,1,0
747939156,1,0
750125684,1,0
751143415,1,0
751698242,1,0
752467423,1,0
753124171,1,0
753254635,1,0
753301531,1,0
753934014,1,0
754101176,1,0
755394307,1,0
756551922,1,0
757575444,8,0
757922791,1,0
761486479,1,0
762312349,1,0
764477233,1,0
764562979,1,0
765908953,1,0
766673892,1,0
766727810,1,0
768039601,1,0
768114732,1,0
768961123,1,0
770002273,1,0
772410498,1,0
772779126,1,0
774586404,1,0
777095888,1,0
778488883,1,0
778738686,2,0
779351119,2,0
779425459,1,0
779489192,1,0
780479300,1,0
780522571,1,0
784171310,1,0
787120538,1,0
788174490,1,0
788542129,1,0
789110910,1,0
789182378,1,0
791324106,1,0
791760482,1,0
793475743,1,0
794150480,1,0
794693071,1,0
795040584,2,0
796285717,1,0
796725151,1,0
796938265,1,0
798816348,1,0
799236786,1,0
801767281,1,0
801783660,1,0
802058011,1,0
802440499,1,0
804137360,2,0
805275085,1,0
805377882,1,0
805835736,1,0
807473088,1,0
808014258,1,0
808644962,1,0
809703806,1,0
811299097,1,0
811748676,1,0
812963041,1,0
813094566,1,0
813360703,1,0
813772776,1,0
815566670,1,0
815740172,1,0
816068491,1,0
816921763,1,0
817972464,1,0
820236679,1,0
820387670,1,0
821836410,1,0
821868907,1,0
822759200,1,0
823311792,1,0
824452920,1,0
824644340,1,0
825111457,1,0
826255657,1,0
827268475,1,0
827415332,1,0
827940144,1,0
828051385,1,0
831275965,1,0
832747458,1,0
833039892,1,0
833616248,1,0
833870468,1,0
834019328,1,0
834253956,1,0
834391345,1,0
834625164,1,0
836421368,1,0
837298585,2,0
838171532,1,0
838261279,1,0
838636040,1,0
839843017,1,0
840036746,1,0
840292746,1,0
840517256,1,0
840827736,1,0
841762015,1,0
842074118,1,0
843819230,1,0
844318777,1,0
845850307,1,0
847069088,1,0
847421275,1,0
848009917,1,0
848261731,1,0
849590082,1,0
851743650,1,0
851973876,1,0
852748400,1,0
853882141,1,0
854094194,1,0
854486726,1,0
854618689,1,0
855048728,1,0
855124484,1,0
856834040,1,0
856979196,2,0
857282905,1,0
857419416,1,0
857644825,1,0
857784170,2,0
858014329,1,0
860350892,1,0
861039180,1,0
861253544,1,0
862037634,1,0
863393130,3,0
864045433,1,0
864579337,1,0
868315190,1,0
868469156,2,0
870502992,1,0
870519906,1,0
870930396,1,0
871116008,1,0
872560658,1,0
874017985,1,0
874934484,1,0
876273240,1,0
876276560,1,0
876465966,1,0
876574656,1,0
878063209,1,0
879120074,1,0
879193452,7,0
879936614,1,0
880700052,1,0
881206880,1,0
883287067,1,0
883653554,1,0
885825500,1,0
888848671,1,0
892105736,1,0
892386096,1,0
893347183,1,0
893372400,1,0
893476765,1,0
893792460,1,0
896892980,2,0
898460438,1,0
898524974,1,0
898904244,1,0
898914379,1,0
900303948,1,0
902025536,1,0
902161639,1,0
902905183,1,0
904500770,1,0
905495539,1,0
905530314,1,0
905533951,1,0
905895091,1,0
906988423,1,0
907100646,1,0
909748771,1,0
910533486,1,0
910983547,1,0
911515682,1,0
911544698,1,0
913578817,1,0
916953302,1,0
917783384,1,0
918755768,1,0
919266656,1,0
919816316,1,0
921678368,2,0
924391309,1,0
925784305,1,0
926625151,1,0
927412212,1,0
927679844,1,0
928139058,1,0
928735272,1,0
929219708,1,0
930050173,1,0
930305280,1,0
930964766,1,0
931692446,1,0
932569242,1,0
932662676,1,0
933145092,1,0
933456738,1,0
933905167,1,0
934958328,1,0
938005916,1,0
938030250,1,0
938734836,1,0
939087606,1,0
940242487,1,0
940320888,1,0
941800730,1,0
942483421,1,0
944264634,1,0
945925405,1,0
946967155,1,0
949116360,1,0
950458248,1,0
954018342,1,0
954668976,1,0
954899047,1,0
956134693,1,0
956437284,1,0
959559552,1,0
959909198,1,0
960341348,1,0
962262913,1,0
964955922,1,0
965779376,2,0
966713971,1,0
967747669,1,0
968719470,1,0
968903676,1,0
968990677,1,0
970392576,1,0
970965170,1,0
971493830,1,0
972327506,1,0
974011957,1,0
974237378,1,0
975301123,1,0
976555530,1,0
977033918,1,0
977112482,1,0
977992638,1,0
979299145,1,0
979545722,1,0
980043212,1,0
982976719,1,0
983146418,1,0
983177694,1,0
983563670,1,0
985311739,1,0
985901700,1,0
986484391,1,0
987126890,1,0
991455679,1,0
993391502,1,0
993607207,1,0
994463906,1,0
995639636,1,0
995793919,1,0
995878908,1,0
996488832,1,0
997270082,2,0
997820396,1,0
1000170804,1,0
1000687783,1,0
1000810136,1,0
1003284656,1,0
1004244764,1,0
1004383273,1,0
1006366477,1,0
1006535203,1,0
1008560334,1,0
1011135264,1,0
1011562009,1,0
1012307923,1,0
1013617735,2,0
1015863841,1,0
1017619134,1,0
1018270813,1,0
1019853272,1,0
1020101516,1,0
1022513473,1,0
1022562488,1,0
1022933880,1,0
1023413101,1,0
1023735116,1,0
1025568937,1,0
1027127731,1,0
1028120732,1,0
1028449435,1,0
1029514134,1,0
1030383650,1,0
1031105210,1,0
1031118818,1,0
1031757259,1,0
1032622922,1,0
1033838696,1,0
1035019472,1,0
1035239672,1,0
1037432887,1,0
1037509742,1,0
1037706151,1,0
1038931231,1,0
1038946058,1,0
1040762538,1,0
1041027338,1,0
1042685382,1,0
1045304498,1,0
1047624438,1,0
1048632992,1,0
1050718603,1,0
1051873524,1,0
1052021772,1,0
1052596513,1,0
1052920855,1,0
1053849930,2,0
1056081252,1,0
1056332010,1,0
1057609746,1,0
1058177647,1,0
1059058747,1,0
1059160586,1,0
1059208880,1,0
1060887930,1,0
1062047646,1,0
1063445173,1,0
1063692170,1,0
1064736954,1,0
1066647380,1,0
1067282005,1,0
1068804102,1,0
1071515880,1,0
1071954716,1,0
1073397182,1,0
1074785479,1,0
1074951474,5,0
1075133545,1,0
1075164266,1,0
1075481690,1,0
1077150362,1,0
1077286514,1,0
1077784694,2,0
1078347888,1,0
1079911297,1,0
1080298020,1,0
1080364664,1,0
1081781587,1,0
1083504668,1,0
1083602234,1,0
1086910033,1,0
1087831638,1,0
1089094308,1,0
1090762926,1,0
1090940138,1,0
1092303600,1,0
1093322959,1,0
1093827066,1,0
1095802849,1,0
1096198662,1,0
1097189011,2,0
1099488319,1,0
1099573304,2,0
1100963352,1,0
1101081968,1,0
1102337286,1,0
1103612496,1,0
1106186646,1,0
1106958536,1,0
1109135137,1,0
1114763713,1,0
1115295300,1,0
1115440075,1,0
1117414250,1,0
1119806154,1,0
1120387458,1,0
1120959068,1,0
1123459772,1,0
1125313824,1,0
1126566774,1,0
1127089453,1,0
1127391626,1,0
1127907506,1,0
1129043322,1,0
1129521529,1,0
1130287921,1,0
1132300544,2,0
1133255809,1,0
1134308983,1,0
1134490298,1,0
1134828582,1,0
1137974839,1,0
1138223996,1,0
1138340456,1,0
1140130526,1,0
1143794160,1,0
1146567146,1,0
1146794522,1,0
1149144979,1,0
1151992220,1,0
1155836023,1,0
1156583192,1,0
1157618294,1,0
1157881880,1,0
1158554744,1,0
1158683395,1,0
1159146698,1,0
1160775618,2,0
1161399582,1,0
1165188919,1,0
1165647512,1,0
1169512272,1,0
1170521407,1,0
1171234855,1,0
1173315938,1,0
1180059428,1,0
1180076120,1,0
1182795997,1,0
1183235274,2,0
1183266378,1,0
1183425686,1,0
1184559348,1,0
1190478786,1,0
1190928900,1,0
1191572263,1,0
1191633788,1,0
1195800421,1,0
1198845739,1,0
1199052942,1,0
1199259601,3,0
1203929538,1,0
1205903180,1,0
1206312840,1,0
1206928980,1,0
1209248528,1,0
1209513229,1,0
1210098278,1,0
1210764542,1,0
1212757063,1,0
1212901368,1,0
1213660651,1,0
1215751916,1,0
1215944070,1,0
1216124713,1,0
1217648702,2,0
1217708629,1,0
1218982706,2,0
1219573280,1,0
1219710168,1,0
1220229739,1,0
1220230764,1,0
1220231701,1,0
1222790252,1,0
1225856863,1,0
1228870518,1,0
1233095630,1,0
1235008866,1,0
1235599722,1,0
1237170300,1,0
1239301598,1,0
1239837805,1,0
1240173426,1,0
1240264394,1,0
1242861092,1,0
1242924180,1,0
1243776289,1,0
1244500387,1,0
1244786665,1,0
1245021948,1,0
1246621904,1,0
1249309309,1,0
1251757195,1,0
1251953774,1,0
1253206598,1,0
1254165476,1,0
1254619244,1,0
1255050990,1,0
1257645007,1,0
1258231088,1,0
1260532490,1,0
1260550453,1,0
1260916088,1,0
1262662076,1,0
1262730810,1,0
1262968664,2,0
1265788178,1,0
1268812274,1,0
1269481538,2,0
1270100815,1,0
1270767606,1,0
1270885896,1,0
1272578366,1,0
1275394596,2,0
1275578833,1,0
1275639258,1,0
1275713912,1,0
1275818634,1,0
1276124900,1,0
1279280384,1,0
1280964595,2,0
1282083674,1,0
1282283846,1,0
1282493766,1,0
1284290238,1,0
1284478490,1,0
1285494354,1,0
1287717751,1,0
1289848416,1,0
1290947436,1,0
1291929558,1,0
1292385175,1,0
1293009337,1,0
1293639102,1,0
1299301772,1,0
1300914098,1,0
1301244769,1,0
1304549310,1,0
1305459584,1,0
1306560277,1,0
1306569710,1,0
1306923024,1,0
1306923319,1,0
1307546270,1,0
1308511381,1,0
1311051978,1,0
1312304100,1,0
1314089966,1,0
1318894742,1,0
1319836830,1,0
1320994651,1,0
1321785145,1,0
1327354904,1,0
1327636652,1,0
1330061472,1,0
1331411209,1,0
1339103706,1,0
1339256341,1,0
1339412700,1,0
1341134190,1,0
1341277147,1,0
1341404119,2,0
1343145817,1,0
1344729650,1,0
1344967777,1,0
1345023662,1,0
1345737967,1,0
1347332816,1,0
1348357530,1,0
1348456645,2,0
1351283654,1,0
1351592606,1,0
1354199587,1,0
1355211138,1,0
1355684114,1,0
1355871008,1,0
1356443342,1,0
1357559810,1,0
1357985276,1,0
1359042271,1,0
1359764803,1,0
1362199508,1,0
1362624931,1,0
1362908311,1,0
1363654657,1,0
1363818144,1,0
1364551123,1,0
1364974831,1,0
1366781269,1,0
1367754870,1,0
1367758146,1,0
1367849132,1,0
1370324538,1,0
1370508360,1,0
1370887442,1,0
1372158991,1,0
1372396952,1,0
1372549224,1,0
1372609939,1,0
1372785812,1,0
1373192226,1,0
1375513729,1,0
1375583112,1,0
1376776482,1,0
1377296624,1,0
1377696078,1,0
1378625954,1,0
1380128028,1,0
1381019210,1,0
1381165260,1,0
1382041278,1,0
1382974615,1,0
1383258138,1,0
1383446264,1,0
1383905040,1,0
1385207114,1,0
1385652836,1,0
1386285726,1,0
1389654234,1,0
1389691890,1,0
1390202959,1,0
1390752871,1,0
1393303057,1,0
1393569908,1,0
1395002228,1,0
1396848121,1,0
1397349307,1,0
1398257839,1,0
1400687034,1,0
1400931295,1,0
1403256409,1,0
1403936576,1,0
1407627919,1,0
1408127882,1,0
1408749115,1,0
1409051083,2,0
1409323663,1,0
1410203876,1,0
1410344198,1,0
1413465444,1,0
1414831831,1,0
1416084338,1,0
1418760146,1,0
1420172190,1,0
1424696299,1,0
1426158734,1,0
1428245454,1,0
1431744222,1,0
1432040269,1,0
1433304133,1,0
1438964593,2,0
1440909469,1,0
1442581386,1,0
1442769487,1,0
1445222179,2,0
1447363524,1,0
1447864836,1,0
1449545179,1,0
1450077426,1,0
1451392729,1,0
1453049905,1,0
1458493585,1,0
1463277870,1,0
1463348840,1,0
1464867594,1,0
1465792712,1,0
1466009443,1,0
1466449957,1,0
1468134937,1,0
1468492435,1,0
1468644384,1,0
1472152681,1,0
1472209574,1,0
1472588508,1,0
1472747390,1,0
1472844368,1,0
1473637028,1,0
1474192920,1,0
1474805401,1,0
1477867902,1,0
1477935954,1,0
1478243756,1,0
1479181712,2,0
1482599491,1,0
1482610274,1,0
1483241168,2,0
1483470582,1,0
1486578204,1,0
1487746910,1,0
1491681564,1,0
1494518258,1,0
1495932654,1,0
1497425725,1,0
1498054537,1,0
1498165003,1,0
1499080046,1,0
1499105642,2,0
1499453712,1,0
1508094133,1,0
1508569441,1,0
1510034588,1,0
1511675761,1,0
1513214906,1,0
1514312773,1,0
1515546440,1,0
1517119315,1,0
1518624288,1,0
1519115827,1,0
1520128484,1,0
1520410957,1,0
1520591101,1,0
1521237852,1,0
1522384760,2,0
1525913574,1,0
1526150347,1,0
1526226595,2,0
1528535761,1,0
1529310006,1,0
1531552668,1,0
1536099457,1,0
1537722990,1,0
1538030490,1,0
1540801165,1,0
1541514606,1,0
1543334893,1,0
1544492550,1,0
1544576641,1,0
1544834904,1,0
1546091377,1,0
1546429177,2,0
1546435116,1,0
1548069955,1,0
1548734893,1,0
1549916630,1,0
1551025267,1,0
1552870584,1,0
1556856422,1,0
1558994809,1,0
1559118704,1,0
1561016766,1,0
1564194199,1,0
1564389721,1,0
1564788516,1,0
1564967204,1,0
1565982361,1,0
1567010935,1,0
1567069014,1,0
1569190784,1,0
1571433128,1,0
1571444863,1,0
1573518176,1,0
1575089797,1,0
1575783204,1,0
1576101036,1,0
1576563528,1,0
1577425616,1,0
1579138578,1,0
1580599489,1,0
1580791058,1,0
1581271964,1,0
1581574650,1,0
1583313996,1,0
1584097388,1,0
1584302526,1,0
1586616115,1,0
1587117234,1,0
1588441999,1,0
1590254208,1,0
1590692900,1,0
1598802739,1,0
1598812760,1,0
1601037998,2,0
1603732813,1,0
1605340572,1,0
1605841508,1,0
1606344284,1,0
1608375121,1,0
1608410484,1,0
1609037767,1,0
1611830778,1,0
1612826592,1,0
1613628888,1,0
1615268832,1,0
1616064211,1,0
1616224867,1,0
1617895886,1,0
1620129427,1,0
1620479270,1,0
1623673622,1,0
1623807504,1,0
1624280052,1,0
1626305472,1,0
1627217371,1,0
1627398048,1,0
1627911096,1,0
1630378286,1,0
1630444171,1,0
1632426716,1,0
1635872070,1,0
1636926403,1,0
1638963284,1,0
1639334120,1,0
1640543952,1,0
1641623754,1,0
1642448551,1,0
1643751824,1,0
1645652304,2,0
1648133851,1,0
1648413726,2,0
1649146338,1,0
1650177931,1,0
1650536515,1,0
1650585602,2,0
1656048900,1,0
1656637892,1,0
1658387263,1,0
1660642254,1,0
1661104184,1,0
1663776194,1,0
1664993113,1,0
1665442230,1,0
1666166438,1,0
1667437483,1,0
1667483102,1,0
1668403333,1,0
1668707593,1,0
1670801052,1,0
1671029934,1,0
1672193095,1,0
1673326484,1,0
1674315427,1,0
1674781933,1,0
1675957525,1,0
1677027607,1,0
1679071910,1,0
1679264420,1,0
1680488258,1,0
1680695256,1,0
1682515159,1,0
1682893800,1,0
1687158966,1,0
1689600738,1,0
1689692046,1,0
1690103893,1,0
1690638912,1,0
1690911732,1,0
1691437514,2,0
1692184268,1,0
1692222612,1,0
1692242354,1,0
1692654102,1,0
1692720529,1,0
1693446168,1,0
1695161648,1,0
1695269539,1,0
1695321055,1,0
1696004984,1,0
1696513610,1,0
1697040409,1,0
1697823336,1,0
1699495232,1,0
1699769648,1,0
1703901330,1,0
1705836090,2,0
1705996872,1,0
1706128326,1,0
1706150798,1,0
1710432650,1,0
1711231099,1,0
1712294178,1,0
1714595449,2,0
1716803791,1,0
1720074686,1,0
1721012700,1,0
1721276208,1,0
1722118986,1,0
1723476109,3,0
1724829739,1,0
1725046230,1,0
1725417162,2,0
1729925778,1,0
1730645408,1,0
1732534488,1,0
1732859965,1,0
1733026586,1,0
1780110398,1,0
1850347118,1,0
1851452245,1,0
1853054450,1,0
1855921670,1,0
1856398910,1,0
1856808326,1,0
1857320455,1,0
1858366382,1,0
1858743379,1,0
1859216455,1,0
1860416358,1,0
1861571293,1,0
1861985688,1,0
1863371720,1,0
1864061395,1,0
1865523116,1,0
1865681376,1,0
1870479864,1,0
1873256450,1,0
1876171898,1,0
1876387986,1,0
1877948160,1,0
1881074790,2,0
1881519487,2,0
1881543048,1,0
1882844436,1,0
1882903920,1,0
1884970842,1,0
1887434546,1,0
1887571034,1,0
1888344625,1,0
1888496210,1,0
1894817924,1,0
1895408666,1,0
1895501382,1,0
1900400918,1,0
1902863600,1,0
1904696995,1,0
1905903770,1,0
1905933122,1,0
1907051509,1,0
1908010416,1,0
1908031327,1,0
1908065586,1,0
1909275740,1,0
1909334089,1,0
1911751784,1,0
1916113843,1,0
1916898080,1,0
1917465133,1,0
1917724470,1,0
1919373924,1,0
1924679796,1,0
1925080106,1,0
1925743736,1,0
1926851863,1,0
1928487764,1,0
1928854819,1,0
1928986854,1,0
1929210494,1,0
1930935908,1,0
1932953084,1,0
1937185172,1,0
1938705343,1,0
1938824527,1,0
1944328884,1,0
1945856227,2,0
1948035834,1,0
1949342767,1,0
1949489786,1,0
1949757828,1,0
1950082482,1,0
1950801818,2,0
1952542010,1,0
1955060858,1,0
1957156412,1,0
1957528081,1,0
1957741021,1,0
1957897320,1,0
1959071052,1,0
1959151176,1,0
1961076558,1,0
1961638543,1,0
1963900861,1,0
1965425449,1,0
1965717739,1,0
1967037631,1,0
1967201941,1,0
1967249774,1,0
1969340574,1,0
1970025716,2,0
1972472712,1,0
1972889712,1,0
1973136919,1,0
1973672112,1,0
